Order_ID,Returned
CA-2012-167374,Yes
IN-2011-67616,Yes
RO-2014-3800,Yes
IT-2014-5630655,Yes
US-2012-130519,Yes
EZ-2013-9740,Yes
AU-2011-3990,Yes
NI-2012-5980,Yes
US-2012-122658,Yes
US-2014-152492,Yes
IT-2011-3157915,Yes
IN-2013-53819,Yes
ES-2011-2677554,Yes
MX-2013-104003,Yes
CA-2014-129567,Yes
IN-2014-41016,Yes
ID-2012-12519,Yes
IN-2012-68561,Yes
MO-2014-890,Yes
IV-2012-3380,Yes
ID-2011-77192,Yes
US-2012-109470,Yes
CA-2011-134278,Yes
NI-2013-7280,Yes
IN-2011-67651,Yes
US-2013-105543,Yes
MX-2014-128531,Yes
CA-2011-150518,Yes
ID-2014-10321,Yes
ES-2013-3667448,Yes
CA-2011-130155,Yes
MX-2014-121552,Yes
CA-2013-168557,Yes
MX-2012-101763,Yes
US-2013-168074,Yes
MX-2013-106929,Yes
RS-2014-5930,Yes
SO-2011-3360,Yes
IN-2012-76142,Yes
IN-2014-30852,Yes
MX-2012-153500,Yes
CA-2013-145583,Yes
ES-2013-1521931,Yes
CA-2014-133235,Yes
ID-2012-39875,Yes
IT-2012-2666705,Yes
ES-2014-4673578,Yes
CA-2012-169537,Yes
TU-2014-9840,Yes
IN-2012-13828,Yes
MX-2014-115091,Yes
ES-2012-2874029,Yes
MX-2014-101749,Yes
ES-2013-1138719,Yes
NI-2013-2720,Yes
ES-2013-1001647,Yes
MX-2012-158456,Yes
MX-2014-137736,Yes
IN-2014-37789,Yes
IN-2014-30768,Yes
IT-2013-2640538,Yes
CA-2013-145177,Yes
US-2012-117324,Yes
ES-2012-5566758,Yes
IT-2014-2224336,Yes
IN-2013-76275,Yes
MX-2014-166135,Yes
CA-2013-134180,Yes
IN-2014-32588,Yes
IN-2011-36494,Yes
TU-2014-8990,Yes
ES-2012-1465491,Yes
IZ-2012-9240,Yes
MX-2014-123337,Yes
MX-2013-134908,Yes
IN-2012-18868,Yes
MX-2013-117296,Yes
US-2013-112361,Yes
ES-2012-5807038,Yes
ID-2014-64830,Yes
MX-2013-169054,Yes
CA-2012-155453,Yes
ES-2014-3319612,Yes
ES-2011-2736116,Yes
ID-2013-47421,Yes
US-2013-164119,Yes
IN-2013-53882,Yes
IN-2014-76058,Yes
IN-2014-46917,Yes
ES-2012-5613626,Yes
HU-2012-7730,Yes
TU-2014-1770,Yes
CA-2014-101700,Yes
RS-2014-2590,Yes
IT-2013-4063561,Yes
US-2012-144519,Yes
IT-2012-5271815,Yes
IN-2014-69408,Yes
AO-2011-1390,Yes
TU-2011-9810,Yes
RS-2011-1330,Yes
MX-2012-164588,Yes
CA-2013-162901,Yes
US-2012-138121,Yes
IN-2011-62261,Yes
CA-2011-115812,Yes
CA-2012-122210,Yes
CA-2013-145982,Yes
US-2012-123960,Yes
IN-2014-85823,Yes
IN-2011-53770,Yes
ES-2013-4017249,Yes
IN-2013-69051,Yes
US-2013-108581,Yes
MX-2012-147998,Yes
CA-2014-113530,Yes
MX-2013-145275,Yes
IN-2013-22823,Yes
CA-2012-1970,Yes
CA-2011-8490,Yes
CA-2012-129896,Yes
TU-2011-8560,Yes
MX-2012-109337,Yes
IN-2014-13051,Yes
US-2014-135713,Yes
UP-2011-1770,Yes
MX-2013-126361,Yes
ES-2014-4032097,Yes
ID-2014-44124,Yes
IN-2014-17104,Yes
IN-2011-17202,Yes
MA-2014-1150,Yes
RO-2013-5870,Yes
ID-2014-31545,Yes
ID-2014-36935,Yes
MX-2014-109260,Yes
ES-2012-5466966,Yes
CA-2011-120243,Yes
ES-2013-4250046,Yes
IN-2011-36375,Yes
DJ-2013-7120,Yes
IN-2011-76338,Yes
MX-2013-160248,Yes
US-2012-151435,Yes
CA-2012-126725,Yes
UP-2013-1490,Yes
MX-2012-132997,Yes
ES-2012-2859554,Yes
CA-2012-127453,Yes
IN-2013-70283,Yes
MX-2013-138219,Yes
IT-2014-2984755,Yes
IT-2014-1691611,Yes
IN-2014-18917,Yes
MX-2013-154942,Yes
IT-2013-5913315,Yes
TZ-2014-6820,Yes
ID-2012-26463,Yes
ES-2014-3941562,Yes
ES-2012-2268105,Yes
ID-2011-80538,Yes
PL-2014-5450,Yes
MX-2012-112844,Yes
ZA-2012-4180,Yes
ES-2011-4514717,Yes
IN-2014-82176,Yes
ID-2012-74630,Yes
IN-2014-65194,Yes
IN-2011-30033,Yes
IN-2011-85872,Yes
IN-2014-45174,Yes
ES-2013-2979822,Yes
ES-2014-3871836,Yes
ES-2014-1277554,Yes
US-2014-146906,Yes
NI-2013-2470,Yes
RO-2011-5170,Yes
US-2013-116771,Yes
ES-2011-3136087,Yes
ES-2013-3022350,Yes
CA-2012-144806,Yes
RS-2013-2360,Yes
MX-2012-129651,Yes
IR-2014-5160,Yes
MX-2011-136602,Yes
MX-2013-139430,Yes
IN-2013-38720,Yes
IN-2014-60616,Yes
IN-2011-51523,Yes
ID-2013-37383,Yes
ID-2013-49822,Yes
IT-2013-4559122,Yes
UP-2014-3650,Yes
CA-2011-128538,Yes
MX-2012-149895,Yes
IT-2012-5715811,Yes
ID-2011-20604,Yes
IT-2012-2494521,Yes
US-2014-119319,Yes
CA-2014-158876,Yes
MX-2013-159100,Yes
IN-2014-68204,Yes
MX-2012-136098,Yes
BO-2014-1510,Yes
ES-2014-3986842,Yes
ES-2014-5605089,Yes
ES-2011-3286627,Yes
CA-2013-129868,Yes
MX-2014-109064,Yes
CA-2011-126522,Yes
IN-2013-47071,Yes
PL-2014-8230,Yes
MX-2013-142153,Yes
IZ-2012-3720,Yes
CA-2012-105725,Yes
IT-2011-2413417,Yes
CA-2013-169838,Yes
IN-2012-24230,Yes
IN-2014-26918,Yes
IN-2014-48275,Yes
US-2014-101063,Yes
ID-2014-83086,Yes
ES-2011-2585328,Yes
KZ-2014-8050,Yes
US-2012-156867,Yes
ES-2014-5334183,Yes
IN-2014-20870,Yes
TZ-2014-7370,Yes
US-2012-124009,Yes
MX-2012-132962,Yes
CA-2011-100860,Yes
PL-2011-4070,Yes
MX-2012-126396,Yes
MX-2011-122049,Yes
RS-2011-7440,Yes
ID-2014-51439,Yes
ID-2011-13884,Yes
IN-2014-41093,Yes
SU-2014-3390,Yes
ID-2012-16257,Yes
ES-2013-5311844,Yes
ES-2014-5762425,Yes
CA-2013-132997,Yes
IN-2011-70864,Yes
CA-2014-128076,Yes
IN-2013-29410,Yes
KZ-2011-3390,Yes
IT-2013-4100054,Yes
US-2014-152842,Yes
CA-2012-164882,Yes
ES-2011-3876549,Yes
ES-2011-4145029,Yes
MX-2014-107713,Yes
MX-2014-104941,Yes
IT-2013-1372622,Yes
ES-2013-3158245,Yes
IN-2014-38629,Yes
EG-2012-1850,Yes
IN-2011-77479,Yes
CA-2012-158421,Yes
US-2011-108721,Yes
TU-2014-8830,Yes
CA-2012-100685,Yes
US-2013-105214,Yes
MX-2012-138870,Yes
SF-2014-9650,Yes
IN-2013-54757,Yes
MX-2013-166800,Yes
NI-2014-460,Yes
US-2013-160528,Yes
US-2014-111129,Yes
ES-2013-2413873,Yes
CA-2011-141901,Yes
IN-2012-66384,Yes
ID-2012-83030,Yes
ES-2013-1337779,Yes
IN-2012-64116,Yes
ES-2012-2780126,Yes
CA-2014-155460,Yes
IN-2014-75456,Yes
UP-2013-3890,Yes
CA-2013-161746,Yes
CA-2012-165085,Yes
ES-2014-1486090,Yes
CA-2013-113390,Yes
IN-2014-52818,Yes
IN-2014-44236,Yes
MX-2013-137568,Yes
MX-2011-129567,Yes
CA-2011-107139,Yes
ID-2014-83450,Yes
US-2011-164406,Yes
CA-2014-163405,Yes
IN-2014-48121,Yes
CA-2013-140256,Yes
CG-2011-6540,Yes
CA-2014-117667,Yes
ID-2013-24615,Yes
SA-2011-1830,Yes
ES-2013-5902450,Yes
IN-2013-12505,Yes
CA-2014-102736,Yes
IN-2011-81658,Yes
CA-2012-114069,Yes
CA-2012-144267,Yes
ID-2014-30026,Yes
CA-2012-121405,Yes
ES-2013-2795403,Yes
IN-2013-71333,Yes
IN-2012-65894,Yes
ES-2013-3404025,Yes
IN-2012-59188,Yes
ES-2014-5631536,Yes
CA-2013-113831,Yes
ID-2011-42164,Yes
ID-2011-25581,Yes
ID-2013-75778,Yes
MX-2013-127705,Yes
ES-2013-3042991,Yes
TU-2014-2440,Yes
CA-2013-128706,Yes
ES-2012-3161067,Yes
MX-2014-112053,Yes
KG-2014-6890,Yes
GH-2012-8470,Yes
ES-2011-1502054,Yes
NI-2014-1750,Yes
IT-2011-4230809,Yes
ES-2014-3934686,Yes
SF-2011-9000,Yes
MX-2013-127649,Yes
ZA-2014-7540,Yes
CA-2013-119515,Yes
IN-2013-84997,Yes
CA-2012-127544,Yes
EG-2013-4810,Yes
CA-2014-117324,Yes
US-2011-102715,Yes
ES-2013-1692384,Yes
TU-2013-7830,Yes
CA-2014-9470,Yes
MX-2012-144561,Yes
US-2014-132031,Yes
HR-2014-4380,Yes
MX-2014-113355,Yes
ID-2011-58229,Yes
CA-2012-140375,Yes
IN-2014-17951,Yes
MX-2011-169873,Yes
IN-2013-71585,Yes
CA-2012-153752,Yes
US-2014-119515,Yes
IN-2011-29634,Yes
US-2014-126179,Yes
ES-2014-1960568,Yes
MX-2014-124135,Yes
ID-2012-29424,Yes
IN-2014-56920,Yes
IN-2014-10566,Yes
US-2013-146066,Yes
MX-2011-143812,Yes
CA-2014-159226,Yes
IN-2013-74182,Yes
TU-2014-3160,Yes
US-2014-128587,Yes
CA-2013-145261,Yes
ES-2011-5649807,Yes
SF-2014-8990,Yes
MX-2014-151218,Yes
MX-2013-142391,Yes
ES-2013-1093488,Yes
MX-2012-111885,Yes
CA-2011-105249,Yes
ID-2012-85522,Yes
MX-2014-117240,Yes
IS-2013-6570,Yes
MX-2014-134222,Yes
NG-2013-1440,Yes
US-2011-112200,Yes
TU-2014-5710,Yes
ID-2014-55114,Yes
US-2014-120033,Yes
ES-2013-4132276,Yes
IN-2013-16201,Yes
ES-2014-2608196,Yes
ID-2013-64011,Yes
CG-2012-4890,Yes
TU-2013-6330,Yes
ES-2012-2212320,Yes
IT-2013-3113956,Yes
CA-2014-144848,Yes
CA-2014-166926,Yes
ES-2013-3339619,Yes
US-2014-134313,Yes
MO-2012-6660,Yes
LH-2014-4130,Yes
CA-2012-110667,Yes
NI-2014-9170,Yes
UP-2014-8230,Yes
CA-2013-149762,Yes
IT-2012-2157465,Yes
CA-2014-139493,Yes
MX-2014-142629,Yes
TU-2014-3660,Yes
GG-2014-9540,Yes
ES-2012-3239309,Yes
IT-2012-1609351,Yes
US-2014-101651,Yes
TU-2012-8280,Yes
ES-2013-1450713,Yes
CA-2012-8480,Yes
US-2011-104052,Yes
CA-2013-122581,Yes
IT-2011-4711868,Yes
MX-2012-153948,Yes
MX-2012-121006,Yes
US-2011-102281,Yes
IN-2014-63710,Yes
IN-2011-23117,Yes
HU-2014-960,Yes
RO-2014-6900,Yes
ES-2013-2911640,Yes
US-2012-169712,Yes
US-2014-116862,Yes
ES-2011-3734581,Yes
IN-2014-20226,Yes
CA-2014-129378,Yes
ID-2013-13072,Yes
MX-2014-147893,Yes
IN-2013-22648,Yes
MX-2012-100034,Yes
ES-2012-3420594,Yes
AL-2013-7420,Yes
EG-2012-8380,Yes
IN-2013-16964,Yes
CA-2012-113628,Yes
ES-2014-2823477,Yes
CA-2011-105417,Yes
MX-2013-158106,Yes
MO-2014-5630,Yes
CA-2014-240,Yes
IN-2012-62688,Yes
SA-2011-1500,Yes
IN-2012-67791,Yes
CA-2013-144540,Yes
IN-2011-12547,Yes
ES-2012-5676143,Yes
CA-2012-117884,Yes
MX-2014-104486,Yes
MX-2011-103345,Yes
ID-2013-22725,Yes
EG-2013-2420,Yes
ES-2014-4244280,Yes
ID-2011-21402,Yes
TU-2011-8780,Yes
CA-2011-118339,Yes
ES-2014-2959093,Yes
ES-2013-1589316,Yes
IN-2012-59916,Yes
CA-2013-119165,Yes
ES-2013-4116050,Yes
MX-2014-156258,Yes
CA-2011-146864,Yes
ES-2011-4261696,Yes
TU-2012-2960,Yes
SF-2014-4320,Yes
ID-2013-50487,Yes
CA-2013-101651,Yes
CA-2011-142727,Yes
IT-2014-2861098,Yes
IT-2014-5786031,Yes
MX-2014-161431,Yes
IN-2013-56283,Yes
CA-2012-134117,Yes
IT-2014-4038519,Yes
ES-2013-2700779,Yes
US-2011-155502,Yes
CG-2013-8200,Yes
CA-2012-139850,Yes
MX-2013-110828,Yes
ES-2014-4634502,Yes
ES-2011-3188488,Yes
ES-2013-5885216,Yes
US-2013-130092,Yes
GH-2014-2090,Yes
US-2013-115441,Yes
CA-2012-147529,Yes
MX-2013-167759,Yes
IN-2014-72460,Yes
IT-2012-5214692,Yes
US-2012-140662,Yes
MX-2011-125087,Yes
CA-2014-112004,Yes
US-2011-115392,Yes
CA-2011-109043,Yes
IN-2013-69009,Yes
IT-2012-5367645,Yes
MX-2013-154011,Yes
CA-2013-131744,Yes
CA-2013-113621,Yes
SF-2013-6200,Yes
ES-2014-5917022,Yes
IR-2012-9690,Yes
ML-2013-3710,Yes
ES-2014-1779830,Yes
US-2013-159660,Yes
MX-2012-141936,Yes
ES-2013-4998717,Yes
ES-2014-1122320,Yes
ES-2013-2664096,Yes
YM-2012-9880,Yes
US-2014-122672,Yes
ES-2012-1927421,Yes
IN-2012-45979,Yes
ID-2012-86656,Yes
IT-2011-1152860,Yes
ES-2014-2794530,Yes
IT-2012-5122607,Yes
IN-2014-81532,Yes
MX-2013-122147,Yes
NI-2013-9510,Yes
ID-2012-21787,Yes
ID-2012-61722,Yes
ID-2014-42584,Yes
CA-2013-123176,Yes
ID-2011-35045,Yes
IN-2014-50718,Yes
IN-2012-49346,Yes
TU-2013-9210,Yes
US-2014-145499,Yes
US-2014-112249,Yes
CA-2013-160129,Yes
TU-2014-40,Yes
ES-2011-3081212,Yes
ID-2014-19813,Yes
ES-2011-4411711,Yes
MX-2014-142048,Yes
ES-2011-4915337,Yes
ES-2013-5800327,Yes
CA-2011-135608,Yes
MX-2014-155222,Yes
CA-2011-144281,Yes
TU-2012-2360,Yes
US-2013-150574,Yes
ES-2014-4107155,Yes
TZ-2014-3700,Yes
IN-2013-65677,Yes
ES-2011-2469850,Yes
CA-2014-117947,Yes
CA-2014-112515,Yes
US-2011-127978,Yes
IN-2012-55653,Yes
IN-2014-53070,Yes
ES-2014-3484812,Yes
LH-2014-200,Yes
US-2014-131954,Yes
CA-2011-137092,Yes
CA-2012-165057,Yes
US-2014-146808,Yes
MX-2013-139857,Yes
MX-2014-112585,Yes
ES-2014-3221372,Yes
ES-2014-2524646,Yes
ID-2013-29144,Yes
ID-2014-33827,Yes
US-2014-126998,Yes
ES-2011-2347754,Yes
IT-2014-5524294,Yes
ES-2011-4852530,Yes
ES-2014-2018713,Yes
MX-2013-153479,Yes
US-2013-166646,Yes
ES-2014-2783426,Yes
MO-2014-7850,Yes
CA-2013-151155,Yes
MX-2013-142678,Yes
ID-2014-81938,Yes
IN-2012-84808,Yes
CA-2014-152079,Yes
CA-2013-114482,Yes
NI-2013-4180,Yes
IN-2011-75540,Yes
ES-2014-5916291,Yes
MO-2013-2310,Yes
IN-2014-31643,Yes
US-2013-123526,Yes
ID-2014-42262,Yes
IN-2013-19624,Yes
MX-2014-160934,Yes
ES-2013-3475290,Yes
CA-2013-139941,Yes
LY-2012-3640,Yes
CA-2014-100622,Yes
ES-2012-4192199,Yes
PL-2013-670,Yes
US-2014-132059,Yes
TU-2011-8770,Yes
ID-2014-15795,Yes
CA-2013-120257,Yes
IN-2014-15725,Yes
CA-2012-113523,Yes
MX-2012-148320,Yes
IT-2013-5115273,Yes
ES-2013-4637759,Yes
IN-2013-83457,Yes
CA-2013-140641,Yes
US-2013-131114,Yes
CA-2014-6550,Yes
ID-2013-39126,Yes
TZ-2013-4740,Yes
IN-2012-17783,Yes
MX-2013-143028,Yes
MX-2013-109449,Yes
IZ-2014-5860,Yes
IR-2012-8510,Yes
ES-2012-2865767,Yes
IN-2011-41254,Yes
ES-2012-1450950,Yes
NI-2011-2720,Yes
ES-2014-3371188,Yes
MX-2013-116155,Yes
ID-2014-84269,Yes
CA-2014-108910,Yes
ID-2013-24587,Yes
CA-2013-151498,Yes
US-2014-140907,Yes
IN-2014-41044,Yes
ID-2014-57081,Yes
CA-2011-110352,Yes
MX-2013-101077,Yes
CA-2013-128412,Yes
KE-2012-4100,Yes
ID-2013-57473,Yes
ES-2013-1756896,Yes
ES-2013-4777583,Yes
TU-2014-6240,Yes
SA-2014-2790,Yes
MX-2014-169215,Yes
IN-2011-33183,Yes
MX-2013-119886,Yes
IT-2013-3154646,Yes
MX-2012-145450,Yes
CA-2011-128524,Yes
ID-2011-43102,Yes
US-2013-110156,Yes
CA-2013-137050,Yes
MX-2012-115798,Yes
IR-2013-1770,Yes
IN-2013-79390,Yes
NI-2011-1810,Yes
IN-2013-55933,Yes
US-2011-163146,Yes
US-2013-132577,Yes
ID-2012-59181,Yes
ID-2012-85263,Yes
ID-2014-62611,Yes
CA-2013-149279,Yes
MX-2012-136686,Yes
CA-2011-142510,Yes
IN-2013-34107,Yes
QA-2014-940,Yes
IN-2011-26064,Yes
ES-2012-4662036,Yes
ES-2011-5644297,Yes
ES-2014-3540279,Yes
IN-2012-28528,Yes
CA-2014-142328,Yes
MX-2014-156650,Yes
MX-2014-123470,Yes
CA-2014-140326,Yes
US-2011-160780,Yes
IT-2014-1903822,Yes
CA-2013-138079,Yes
US-2012-150231,Yes
US-2014-129091,Yes
IN-2013-53742,Yes
ES-2012-2922477,Yes
US-2012-161053,Yes
CA-2013-128258,Yes
IR-2014-3520,Yes
IT-2011-3515682,Yes
ZI-2014-6740,Yes
MX-2013-111073,Yes
SA-2014-9000,Yes
MX-2013-151617,Yes
MX-2013-108098,Yes
CA-2014-100111,Yes
IR-2011-120,Yes
CA-2013-8330,Yes
MX-2012-117800,Yes
CA-2013-9990,Yes
IN-2012-33918,Yes
US-2013-134369,Yes
SU-2012-8130,Yes
ES-2014-5373989,Yes
ID-2012-51565,Yes
ES-2013-2926991,Yes
EG-2012-6980,Yes
IN-2014-73944,Yes
CA-2014-126865,Yes
ES-2013-4034655,Yes
ID-2014-33659,Yes
IN-2013-41240,Yes
MX-2011-149944,Yes
IN-2012-13933,Yes
ES-2014-2353233,Yes
ID-2011-41751,Yes
CG-2011-30,Yes
IT-2014-5237848,Yes
IN-2013-81665,Yes
ID-2013-36368,Yes
IT-2012-4853510,Yes
IT-2012-3587497,Yes
US-2012-126753,Yes
CA-2014-140949,Yes
MX-2011-126907,Yes
ES-2014-3229561,Yes
MX-2011-163909,Yes
CA-2013-155187,Yes
MX-2011-155075,Yes
MX-2011-153969,Yes
IT-2013-4602742,Yes
ID-2012-25217,Yes
IR-2013-5560,Yes
IN-2011-22802,Yes
MX-2012-111178,Yes
US-2011-144673,Yes
ES-2013-2989764,Yes
ES-2012-5755966,Yes
MX-2011-128034,Yes
US-2014-102106,Yes
ES-2014-2388184,Yes
CA-2014-113670,Yes
IV-2013-500,Yes
CA-2012-149678,Yes
IN-2011-51271,Yes
IN-2013-66972,Yes
ES-2013-2966180,Yes
IN-2014-71067,Yes
CA-2012-115945,Yes
ES-2014-2571250,Yes
MX-2013-112921,Yes
MX-2012-148040,Yes
NI-2013-9400,Yes
ES-2013-2523030,Yes
CA-2012-148250,Yes
IN-2014-13184,Yes
GH-2014-4750,Yes
MX-2014-134740,Yes
US-2011-117744,Yes
MX-2012-120369,Yes
CA-2013-129280,Yes
CA-2013-152534,Yes
IZ-2012-3990,Yes
US-2012-105438,Yes
CA-2011-5810,Yes
US-2014-105389,Yes
ID-2014-57221,Yes
CA-2013-169194,Yes
IN-2011-77892,Yes
US-2013-158603,Yes
CA-2013-142405,Yes
ID-2014-13618,Yes
IT-2014-2354924,Yes
MX-2013-169523,Yes
ES-2014-1871238,Yes
ES-2013-5716863,Yes
NI-2012-1040,Yes
MX-2011-159009,Yes
ES-2013-4987734,Yes
IR-2013-230,Yes
CG-2014-3890,Yes
NI-2011-3090,Yes
ES-2013-3229614,Yes
ES-2014-3223979,Yes
US-2014-106145,Yes
MX-2014-132738,Yes
ES-2011-3285117,Yes
CA-2012-100818,Yes
ID-2013-53273,Yes
US-2014-110989,Yes
IN-2013-82519,Yes
ID-2012-55359,Yes
US-2011-159793,Yes
MX-2013-146983,Yes
CA-2012-166947,Yes
ID-2011-30922,Yes
IR-2013-9510,Yes
CA-2012-163104,Yes
NI-2013-7610,Yes
SO-2014-4990,Yes
ES-2013-2062612,Yes
ES-2014-3406497,Yes
CA-2014-142391,Yes
ES-2013-3061639,Yes
MX-2011-152037,Yes
ES-2014-2790834,Yes
BU-2013-2680,Yes
ID-2014-56668,Yes
MX-2014-142076,Yes
MX-2012-101854,Yes
ES-2014-4308323,Yes
IN-2014-55471,Yes
ES-2012-3349892,Yes
MX-2011-150973,Yes
CA-2011-149104,Yes
NI-2011-9470,Yes
US-2013-150791,Yes
ID-2013-23299,Yes
ES-2011-1875818,Yes
ML-2012-8570,Yes
ID-2012-79124,Yes
TU-2014-480,Yes
CA-2014-169817,Yes
MX-2014-131226,Yes
US-2012-139675,Yes
ID-2012-34772,Yes
MX-2014-151554,Yes
ID-2014-24363,Yes
CA-2014-121489,Yes
ID-2013-25329,Yes
IN-2012-86257,Yes
IR-2013-420,Yes
UG-2014-630,Yes
CA-2013-6650,Yes
US-2013-149125,Yes
ES-2012-3987473,Yes
IT-2014-5928156,Yes
TU-2012-4280,Yes
IN-2014-44264,Yes
IN-2014-44047,Yes
ID-2011-58726,Yes
CA-2014-162789,Yes
ES-2013-5970074,Yes
CA-2012-130218,Yes
CA-2012-148712,Yes
IN-2011-29725,Yes
MX-2014-162180,Yes
BN-2014-9930,Yes
ES-2011-5340910,Yes
IZ-2011-770,Yes
ES-2012-5575159,Yes
PL-2012-8610,Yes
ES-2013-2041470,Yes
IT-2013-5703300,Yes
IN-2013-42311,Yes
CA-2013-108434,Yes
SA-2013-6270,Yes
PL-2011-7070,Yes
ES-2013-2588627,Yes
CA-2013-131380,Yes
MZ-2014-4670,Yes
IR-2014-950,Yes
MX-2013-141159,Yes
SF-2013-2060,Yes
ID-2013-33421,Yes
NI-2013-3460,Yes
IN-2014-68218,Yes
MX-2012-140025,Yes
ES-2014-4319234,Yes
CA-2012-147830,Yes
CA-2011-169775,Yes
ID-2014-45055,Yes
ID-2014-85438,Yes
ID-2013-26400,Yes
AE-2014-3830,Yes
ES-2012-4804562,Yes
IN-2012-75428,Yes
IN-2014-34632,Yes
ES-2014-5821132,Yes
US-2013-157840,Yes
MX-2013-108868,Yes
ID-2013-24412,Yes
ID-2014-74728,Yes
ES-2012-5064111,Yes
IN-2013-35024,Yes
IN-2011-14017,Yes
US-2013-158680,Yes
US-2013-108504,Yes
AL-2012-8670,Yes
IN-2014-61015,Yes
ES-2013-2364306,Yes
CA-2014-165715,Yes
US-2013-168410,Yes
CA-2012-166219,Yes
SF-2014-4490,Yes
MX-2014-153913,Yes
MX-2014-131457,Yes
MX-2014-134481,Yes
IN-2013-31650,Yes
NI-2014-6860,Yes
SA-2011-1570,Yes
ES-2012-5149849,Yes
IN-2014-72236,Yes
US-2012-111598,Yes
IR-2013-2430,Yes
IT-2014-1008900,Yes
US-2014-146080,Yes
CA-2011-155796,Yes
IN-2014-61813,Yes
CA-2011-124023,Yes
CA-2014-137449,Yes
US-2014-161242,Yes
US-2014-154095,Yes
UP-2014-6260,Yes
ZI-2013-5400,Yes
IN-2012-45972,Yes
CA-2013-109953,Yes
MX-2013-114139,Yes
NI-2013-7250,Yes
IT-2011-5361439,Yes
CA-2012-155068,Yes
CA-2014-153822,Yes
TU-2013-3210,Yes
MX-2014-129686,Yes
IZ-2014-3590,Yes
ZA-2012-3480,Yes
IT-2012-5332220,Yes
IN-2013-37103,Yes
ES-2012-2974297,Yes
NI-2014-8570,Yes
IN-2013-47680,Yes
IN-2012-64424,Yes
ES-2014-1854100,Yes
IN-2012-46063,Yes
US-2014-136084,Yes
IN-2013-57284,Yes
IN-2012-74742,Yes
CA-2011-164182,Yes
ES-2012-4269542,Yes
CA-2014-132521,Yes
TU-2014-6290,Yes
TU-2013-9320,Yes
MX-2013-107405,Yes
IZ-2013-9500,Yes
BO-2013-1280,Yes
IT-2013-3279634,Yes
IN-2011-60539,Yes
ES-2014-2296898,Yes
CA-2014-100055,Yes
NI-2013-6990,Yes
CA-2011-140473,Yes
IZ-2014-1640,Yes
IN-2011-81833,Yes
ES-2012-1944737,Yes
ES-2011-2858219,Yes
IT-2014-1619782,Yes
IN-2014-68127,Yes
ES-2013-3051016,Yes
IN-2014-74266,Yes
IN-2013-86439,Yes
IN-2014-49549,Yes
ID-2013-11322,Yes
ES-2014-1016961,Yes
RS-2011-5330,Yes
CA-2014-160633,Yes
IT-2013-3395178,Yes
ID-2013-15032,Yes
HU-2013-3090,Yes
US-2013-125402,Yes
US-2013-100020,Yes
ID-2011-22935,Yes
MX-2014-129154,Yes
IN-2011-75673,Yes
IN-2014-36186,Yes
MX-2014-114545,Yes
MX-2014-119732,Yes
ID-2012-65411,Yes
CA-2012-135545,Yes
ES-2014-1631439,Yes
ES-2014-2920154,Yes
CA-2011-163293,Yes
ES-2012-1923654,Yes
TU-2014-9920,Yes
NI-2014-2370,Yes
MX-2013-142755,Yes
ES-2013-1830556,Yes
IN-2013-15368,Yes
MX-2012-161704,Yes
MX-2013-154130,Yes
MO-2012-4180,Yes
CA-2013-168921,Yes
CA-2014-135307,Yes
IT-2011-3316894,Yes
RS-2014-1900,Yes
IR-2012-2940,Yes
ES-2014-1314291,Yes
MX-2011-161963,Yes
US-2013-153465,Yes
TU-2013-8310,Yes
MX-2013-114153,Yes
MX-2011-158204,Yes
ID-2014-83044,Yes
IN-2011-53217,Yes
MX-2014-132255,Yes
US-2012-160871,Yes
IT-2012-2478809,Yes
CA-2012-160864,Yes
IN-2014-17223,Yes
ID-2014-24125,Yes
ES-2014-2631855,Yes
ID-2014-41597,Yes
IN-2014-48625,Yes
CA-2012-113131,Yes
IZ-2012-2830,Yes
ES-2012-2522806,Yes
MX-2014-156027,Yes
ID-2011-19512,Yes
US-2013-103674,Yes
MX-2013-126144,Yes
US-2012-113523,Yes
MX-2012-157987,Yes
IN-2011-32581,Yes
EG-2014-9390,Yes
ES-2013-2905051,Yes
US-2013-153815,Yes
CA-2013-144764,Yes
CA-2014-107825,Yes
CA-2014-121888,Yes
MX-2012-101616,Yes
ES-2012-2376528,Yes
US-2012-131156,Yes
CA-2011-120544,Yes
IT-2014-4453792,Yes
ID-2012-70857,Yes
MX-2012-127166,Yes
ZA-2012-7690,Yes
IT-2013-5438494,Yes
CA-2013-143910,Yes
BN-2014-9200,Yes
KG-2013-5780,Yes
IN-2012-13198,Yes
CA-2012-112452,Yes
US-2011-105235,Yes
ID-2011-14360,Yes
IN-2014-37551,Yes
ES-2013-3712216,Yes
IN-2012-21836,Yes
MX-2013-149090,Yes
IN-2014-60413,Yes
ID-2013-78382,Yes
CA-2011-163867,Yes
MX-2014-164112,Yes
TU-2013-3820,Yes
ES-2014-4252380,Yes
CA-2013-114748,Yes
US-2013-157490,Yes
MX-2014-101273,Yes
ES-2014-3452497,Yes
ES-2012-3877819,Yes
TU-2011-4860,Yes
IT-2012-1188964,Yes
TU-2011-3230,Yes
CA-2013-123533,Yes
IN-2012-41261,Yes
ES-2012-4702768,Yes
MX-2013-130883,Yes
MX-2013-137155,Yes
IN-2014-69856,Yes
CA-2011-121573,Yes
ES-2012-5745179,Yes
MX-2011-158792,Yes
US-2011-122385,Yes
IT-2013-1428871,Yes
CA-2013-105732,Yes
ES-2014-3307571,Yes
ID-2013-48149,Yes
MX-2013-148453,Yes
ES-2013-4011169,Yes
ES-2013-4562700,Yes
IN-2012-60714,Yes
MX-2011-128356,Yes
ES-2014-2888354,Yes
MX-2014-124086,Yes
GV-2012-1920,Yes
ES-2014-5590313,Yes
PL-2012-7820,Yes
RS-2013-9710,Yes
CA-2013-137736,Yes
ES-2012-5499117,Yes
US-2013-164161,Yes
MX-2012-138471,Yes
CA-2013-155166,Yes
IN-2013-31307,Yes
IZ-2013-2240,Yes
ES-2012-3077199,Yes
ID-2014-71403,Yes
MO-2013-6160,Yes
ES-2013-5588419,Yes
ML-2014-6290,Yes
MX-2012-144337,Yes
MX-2014-160003,Yes
IT-2011-1646767,Yes
BK-2012-9590,Yes
IN-2011-29998,Yes
ES-2012-3610099,Yes
CA-2012-118843,Yes
CA-2011-139598,Yes
CA-2013-168774,Yes
ES-2013-1211534,Yes
US-2012-114524,Yes
SA-2013-3710,Yes
ID-2012-47085,Yes
ES-2014-2445609,Yes
IN-2014-46140,Yes
MK-2014-990,Yes
IN-2014-34009,Yes
CA-2014-136448,Yes
IN-2011-58544,Yes
ES-2011-5227949,Yes
MX-2014-138436,Yes
CA-2011-133543,Yes
ES-2011-4146320,Yes
US-2012-163370,Yes
MX-2012-169894,Yes
CA-2014-100902,Yes
MX-2013-138359,Yes
IN-2012-81133,Yes
ES-2011-2950882,Yes
CG-2013-1420,Yes
ES-2013-4721019,Yes
ID-2014-68260,Yes
RS-2011-7010,Yes
IN-2012-31258,Yes
CA-2012-149811,Yes
MX-2014-164714,Yes
ES-2014-2385129,Yes
ID-2012-67707,Yes
US-2011-142314,Yes
ES-2014-4936686,Yes
US-2013-122245,Yes
CA-2014-850,Yes
ES-2012-1059651,Yes
ID-2011-58250,Yes
CA-2014-131233,Yes
IR-2014-7170,Yes
IN-2013-12036,Yes
MX-2012-123617,Yes
MX-2013-140627,Yes
SF-2014-4690,Yes
ID-2014-78942,Yes
ES-2014-1497718,Yes
MX-2012-166597,Yes
ES-2014-3206195,Yes
US-2012-131359,Yes
ES-2014-1995148,Yes
IN-2013-53049,Yes
MX-2011-143168,Yes
MX-2012-118185,Yes
US-2011-151232,Yes
KE-2014-4180,Yes
MX-2011-161662,Yes
MX-2011-104794,Yes
CA-2011-158372,Yes
IN-2012-25371,Yes
ES-2014-5621218,Yes
ID-2014-39084,Yes
ES-2011-5335946,Yes
AG-2011-8180,Yes
US-2012-148782,Yes
MZ-2012-5750,Yes
MX-2012-167045,Yes
IT-2014-3090371,Yes
MX-2014-130428,Yes
MX-2014-134887,Yes
IN-2012-71200,Yes
UG-2012-5670,Yes
US-2012-161991,Yes
CA-2011-163468,Yes
ES-2013-1353166,Yes
ES-2014-5265328,Yes
MX-2012-125318,Yes
MX-2012-154088,Yes
IN-2014-70766,Yes
ES-2012-3301813,Yes
IT-2011-1549226,Yes
ES-2011-4942506,Yes
ES-2013-4968432,Yes
US-2012-148880,Yes
ES-2013-4511365,Yes
US-2013-117387,Yes
IN-2014-69205,Yes
EG-2013-4560,Yes
ES-2014-1972860,Yes
CA-2012-110457,Yes
CA-2012-123568,Yes
NI-2013-2220,Yes
IT-2013-1537853,Yes
SU-2013-8120,Yes
ID-2012-82701,Yes
MX-2014-117716,Yes
KE-2013-2790,Yes
CA-2011-101364,Yes
US-2014-135748,Yes
US-2013-163881,Yes
CA-2014-122490,Yes
US-2014-109617,Yes
IV-2013-9990,Yes
MX-2014-152891,Yes
ES-2013-4662682,Yes
MX-2014-144722,Yes
IN-2011-44761,Yes
IN-2011-42591,Yes
IN-2013-24202,Yes
MX-2011-165526,Yes
IN-2013-43151,Yes
ES-2013-2963054,Yes
MO-2014-6990,Yes
IN-2012-35752,Yes
RS-2014-1730,Yes
MO-2012-4720,Yes
MX-2014-168851,Yes
CA-2011-109897,Yes
US-2011-117135,Yes
MX-2013-151183,Yes
ES-2012-3246286,Yes
CG-2012-2700,Yes
MX-2012-103114,Yes
ID-2013-85571,Yes
MX-2012-149139,Yes
CA-2013-164574,Yes
ES-2012-1176887,Yes
UZ-2014-5310,Yes
CA-2013-157336,Yes
MX-2012-143112,Yes
TU-2013-4760,Yes
IN-2014-10979,Yes
US-2014-116778,Yes
ES-2012-5205311,Yes
IN-2013-31384,Yes
NI-2014-2000,Yes
MX-2013-132395,Yes
RO-2014-4460,Yes
US-2014-146556,Yes
CA-2013-125738,Yes
IN-2011-36753,Yes
IN-2014-68092,Yes
ID-2012-74308,Yes
IT-2011-1765076,Yes
IN-2012-84451,Yes
MX-2012-115693,Yes
MX-2013-111003,Yes
NI-2012-9890,Yes
ID-2011-55667,Yes
US-2013-154494,Yes
IR-2014-8140,Yes
US-2013-135237,Yes
SF-2012-6000,Yes
MX-2012-145940,Yes
US-2014-152009,Yes
TU-2014-1450,Yes
MX-2013-130526,Yes
CA-2012-150441,Yes
TU-2013-9400,Yes
ES-2013-2509119,Yes
ES-2014-3931503,Yes
CM-2014-5590,Yes
MX-2014-165575,Yes
ZI-2011-2600,Yes
EG-2014-740,Yes
CM-2013-7780,Yes
ID-2013-67952,Yes
ID-2012-18938,Yes
BU-2013-9480,Yes
CA-2012-140221,Yes
IN-2012-39007,Yes
MX-2014-132703,Yes
US-2014-167920,Yes
ES-2014-3705262,Yes
IR-2014-7630,Yes
ES-2013-1198254,Yes
CA-2014-123701,Yes
US-2013-142685,Yes
MX-2012-128972,Yes
IT-2014-4529316,Yes
US-2012-150630,Yes
IN-2013-49024,Yes
MX-2012-131128,Yes
ES-2014-5693188,Yes
MX-2012-154179,Yes
CA-2014-119746,Yes
IN-2012-55618,Yes
MX-2012-115301,Yes
ID-2013-40708,Yes
IN-2012-54134,Yes
CA-2014-117646,Yes
US-2013-159359,Yes
CA-2011-142587,Yes
IN-2014-34317,Yes
CA-2011-113320,Yes
ES-2011-2093980,Yes
ID-2012-45930,Yes
SF-2014-6460,Yes
TU-2011-6490,Yes
MX-2013-169194,Yes
IN-2011-52426,Yes
IN-2013-17958,Yes
KE-2014-3240,Yes
CA-2014-146269,Yes
ES-2014-3604759,Yes
MX-2011-132598,Yes
ES-2012-1838775,Yes
US-2013-151008,Yes
MX-2012-150560,Yes
IR-2012-3790,Yes
IT-2013-1683275,Yes
MX-2012-142090,Yes
IN-2012-77234,Yes
ES-2014-3712711,Yes
US-2013-169040,Yes
MO-2012-5940,Yes
CA-2011-119144,Yes
MX-2014-129861,Yes
IN-2012-78123,Yes
MX-2014-149622,Yes
IN-2013-10748,Yes
IN-2013-70990,Yes
BN-2013-9770,Yes
CA-2011-131800,Yes
MX-2014-133053,Yes
CA-2014-130631,Yes
MX-2011-127089,Yes
CA-2013-131639,Yes
IN-2014-21059,Yes
IN-2014-30817,Yes
NI-2011-2740,Yes
UP-2012-1780,Yes
NI-2011-4070,Yes
MX-2012-115217,Yes
TU-2011-9700,Yes
IN-2013-76646,Yes
MX-2012-138268,Yes
MX-2011-140900,Yes
IN-2013-63773,Yes
ES-2014-2938679,Yes
IN-2014-35157,Yes
ES-2011-4384804,Yes
KE-2012-9880,Yes
PL-2014-5810,Yes
SA-2012-90,Yes
CA-2011-127131,Yes
ID-2012-79999,Yes
NI-2014-9870,Yes
CA-2012-109386,Yes
CA-2014-100748,Yes
CA-2011-129091,Yes
IR-2013-6280,Yes
US-2014-117534,Yes
ES-2013-1985580,Yes
CA-2013-107216,Yes
ES-2011-3249098,Yes
US-2012-107685,Yes
IN-2014-82652,Yes
CG-2014-2000,Yes
CA-2012-116484,Yes
MX-2013-138093,Yes
MX-2013-113075,Yes
RS-2014-5110,Yes
UP-2011-8540,Yes
CA-2014-105333,Yes
ES-2011-2542728,Yes
IN-2014-15564,Yes
ID-2012-83905,Yes
ES-2013-4650117,Yes
ID-2014-76618,Yes
ES-2012-3412393,Yes
IN-2011-34478,Yes
ES-2014-2441398,Yes
IZ-2013-2930,Yes
ID-2014-68099,Yes
CA-2014-104010,Yes
CA-2013-126158,Yes
SF-2014-5250,Yes
IT-2014-4010610,Yes
ID-2013-52594,Yes
IR-2012-9210,Yes
ES-2012-2506839,Yes
IN-2014-46343,Yes
SG-2014-9460,Yes
IN-2013-79600,Yes
MX-2013-100531,Yes
IN-2013-46896,Yes
US-2014-107664,Yes
SF-2014-4250,Yes
IN-2014-51684,Yes
IN-2013-59195,Yes
ES-2013-1777796,Yes
IN-2013-45237,Yes
US-2014-126886,Yes
ID-2011-84367,Yes
CA-2012-162201,Yes
MX-2012-138520,Yes
US-2012-164448,Yes
ID-2011-50991,Yes
MX-2011-109190,Yes
IR-2013-7670,Yes
ES-2011-1708709,Yes
IN-2014-50417,Yes
ES-2012-3052180,Yes
CA-2014-168858,Yes
MX-2012-126704,Yes
CA-2013-149272,Yes
ES-2013-2754415,Yes
ES-2012-4379168,Yes
BN-2012-8190,Yes
IN-2013-19568,Yes
ES-2012-4101342,Yes
ES-2013-5670479,Yes
TU-2014-9100,Yes
OD-2014-9490,Yes
MX-2012-113474,Yes
CA-2014-123372,Yes
IN-2012-15137,Yes
MX-2011-149272,Yes
SG-2014-4440,Yes
IN-2011-27968,Yes
SA-2012-2100,Yes
SG-2013-3230,Yes
ES-2012-4335676,Yes
SF-2014-2790,Yes
US-2014-135230,Yes
TU-2012-800,Yes
ID-2014-74462,Yes
IT-2012-3003466,Yes
KZ-2014-9320,Yes
ES-2012-1369374,Yes
EZ-2014-6060,Yes
AG-2014-8040,Yes
MX-2013-119137,Yes
ES-2013-2993189,Yes
ES-2012-3492146,Yes
ES-2011-2413369,Yes
IT-2013-3432584,Yes
NI-2013-7440,Yes
IT-2012-5509380,Yes
IT-2012-2415775,Yes
US-2013-130813,Yes
MX-2013-108133,Yes
ES-2012-5635375,Yes
ID-2014-23201,Yes
SA-2012-4510,Yes
IN-2012-39336,Yes
ES-2014-4578544,Yes
MX-2012-112935,Yes
ES-2014-5241576,Yes
MX-2012-166751,Yes
ID-2014-17342,Yes
ID-2013-83079,Yes
MX-2013-134600,Yes
US-2013-119781,Yes
IN-2014-38755,Yes
TU-2014-3190,Yes
US-2014-135685,Yes
IN-2014-25854,Yes
CA-2014-115602,Yes
MX-2014-162824,Yes
ID-2013-51446,Yes
MG-2013-6890,Yes
US-2011-123701,Yes
CG-2013-8680,Yes
MX-2013-153430,Yes
US-2012-102015,Yes
MX-2012-105655,Yes
IN-2012-55408,Yes
IN-2013-22095,Yes
ES-2014-3078027,Yes
ES-2011-4184901,Yes
UG-2013-8510,Yes
IZ-2013-1070,Yes
ES-2011-5507767,Yes
IN-2013-16516,Yes
IN-2012-73440,Yes
IT-2012-5481346,Yes
ES-2013-1650308,Yes
CA-2013-158211,Yes
ES-2013-5160720,Yes
ES-2014-2323716,Yes
RS-2011-3330,Yes
IR-2014-4680,Yes
MX-2011-164574,Yes
GH-2014-4170,Yes
IN-2014-55478,Yes
AG-2013-5570,Yes
ID-2013-14318,Yes
MX-2013-137631,Yes
MX-2011-141964,Yes
MX-2014-133487,Yes
ES-2013-3795615,Yes
IN-2014-36039,Yes
CA-2014-103065,Yes
GG-2014-4090,Yes
MX-2014-165029,Yes
ES-2014-5625908,Yes
CA-2011-107818,Yes
CA-2014-135279,Yes
MX-2014-118528,Yes
RS-2014-8410,Yes
IN-2013-28731,Yes
CA-2014-153045,Yes
NI-2014-9680,Yes
MO-2014-4420,Yes
MX-2014-115119,Yes
GH-2014-8350,Yes
ES-2012-2942603,Yes
ES-2014-2366626,Yes
US-2013-109491,Yes
IT-2012-5301604,Yes
AG-2011-8390,Yes
IN-2013-84052,Yes
MX-2014-167682,Yes
MO-2011-9470,Yes
ES-2011-1290469,Yes
CA-2013-128531,Yes
US-2011-166310,Yes
GH-2011-8290,Yes
CA-2011-110072,Yes
IZ-2014-2240,Yes
IN-2011-79397,Yes
US-2014-147501,Yes
PL-2014-9640,Yes
US-2011-126452,Yes
ES-2012-1724662,Yes
US-2013-161081,Yes
US-2014-162747,Yes
US-2012-163433,Yes
CA-2013-103037,Yes
US-2013-103051,Yes
TU-2014-8270,Yes
CA-2011-143840,Yes
MX-2012-116610,Yes
GG-2014-7290,Yes
IT-2014-5245370,Yes
MX-2011-155488,Yes
IZ-2013-1040,Yes
US-2013-131611,Yes
IN-2014-73587,Yes
IR-2013-390,Yes
IN-2013-50074,Yes
IR-2014-6230,Yes
TU-2013-9570,Yes
ES-2014-5224253,Yes
MX-2012-120684,Yes
IT-2011-5193547,Yes
MX-2014-135874,Yes
MX-2011-106264,Yes
BO-2011-9310,Yes
IN-2013-79306,Yes
MX-2012-116582,Yes
IN-2013-49318,Yes
ES-2014-2629745,Yes
MX-2011-111059,Yes
CA-2014-147207,Yes
US-2012-104983,Yes
GH-2014-3090,Yes
ES-2013-2603153,Yes
MX-2014-152513,Yes
MX-2012-135174,Yes
CA-2013-133795,Yes
CA-2013-127761,Yes
SA-2014-1380,Yes
CA-2014-147550,Yes
CA-2012-161627,Yes
AO-2014-4830,Yes
MX-2014-113054,Yes
MX-2013-138261,Yes
IN-2012-53518,Yes
RS-2011-2200,Yes
CA-2012-100573,Yes
US-2013-120152,Yes
IN-2012-59874,Yes
MX-2011-155271,Yes
MX-2011-146262,Yes
CA-2014-159464,Yes
US-2014-108315,Yes
MX-2014-107055,Yes
MX-2014-113894,Yes
IN-2011-17594,Yes
CG-2013-1980,Yes
US-2013-122903,Yes
ES-2011-1589842,Yes
CA-2013-7950,Yes
MD-2012-7840,Yes
BO-2014-9240,Yes
ES-2013-5540061,Yes
IR-2013-4780,Yes
US-2014-165750,Yes
MX-2013-103821,Yes
BO-2014-8690,Yes
ES-2011-3818297,Yes
US-2012-165512,Yes
ES-2014-1415600,Yes
ES-2014-4185972,Yes
CA-2014-102925,Yes
US-2012-149783,Yes
NI-2012-1930,Yes
MX-2014-120145,Yes
LY-2013-9800,Yes
CA-2014-160885,Yes
MX-2012-103618,Yes
IT-2012-1319120,Yes
ES-2011-5235241,Yes
CA-2014-134880,Yes
ES-2014-4879051,Yes
CA-2014-109757,Yes
US-2014-145954,Yes
IN-2013-63738,Yes
CA-2013-140130,Yes
CA-2011-131541,Yes
ZI-2014-3820,Yes
ML-2013-4870,Yes
CA-2011-142769,Yes
MX-2012-149461,Yes
ID-2013-84066,Yes
US-2014-130365,Yes
MX-2013-158715,Yes
IR-2011-6550,Yes
IN-2013-49577,Yes
ES-2013-5731775,Yes
ID-2014-77661,Yes
MX-2013-100251,Yes
IN-2013-84087,Yes
ID-2011-43977,Yes
ID-2014-15186,Yes
IN-2012-84773,Yes
US-2012-115238,Yes
CA-2014-130841,Yes
IR-2012-1100,Yes
CA-2012-135580,Yes
ES-2012-4087601,Yes
ES-2014-3035931,Yes
IN-2011-25035,Yes
CA-2014-138464,Yes
ES-2012-3109926,Yes
ES-2014-2022735,Yes
IN-2014-65019,Yes
ZI-2012-1700,Yes
MX-2012-158785,Yes
ID-2011-46231,Yes
NI-2013-6690,Yes
CA-2011-101602,Yes
ES-2012-4633993,Yes
IN-2014-78151,Yes
MX-2014-113019,Yes
CA-2014-146024,Yes
CA-2013-124100,Yes
IT-2013-3779238,Yes
ES-2013-2849768,Yes
EG-2014-8260,Yes
US-2011-162299,Yes
ES-2012-2289922,Yes
MX-2014-108973,Yes
UP-2013-7330,Yes
CA-2012-148180,Yes
CA-2011-125997,Yes
ES-2014-5951204,Yes
CA-2013-111318,Yes
ES-2014-4192799,Yes
ID-2014-35122,Yes
IN-2013-18707,Yes
ES-2011-5090278,Yes
US-2013-167255,Yes
US-2011-125689,Yes
IN-2013-14899,Yes
CA-2012-9600,Yes
EG-2012-3660,Yes
CA-2011-133704,Yes
MZ-2014-850,Yes
MX-2014-166681,Yes
US-2014-153213,Yes
CA-2012-121797,Yes
MX-2014-127082,Yes
ES-2014-1325616,Yes
SF-2013-490,Yes
IR-2011-6000,Yes
ID-2013-83730,Yes
ES-2011-3305419,Yes
IT-2013-1083916,Yes
CA-2013-139549,Yes
CA-2012-162607,Yes
ES-2012-3697227,Yes
MX-2013-164385,Yes
ES-2012-4765389,Yes
AJ-2013-2640,Yes
SF-2013-9550,Yes
IT-2014-5800736,Yes
MO-2012-4550,Yes
EG-2013-1630,Yes
ES-2012-1158066,Yes
IN-2013-39686,Yes
ID-2013-25742,Yes
IR-2013-8920,Yes
ES-2014-1160253,Yes
RW-2013-8370,Yes
UP-2011-870,Yes
ES-2011-3321216,Yes
ES-2014-5766954,Yes
ES-2014-4783477,Yes
ID-2013-44040,Yes
CA-2012-137113,Yes
MX-2011-162789,Yes
IN-2012-52069,Yes
PL-2011-9340,Yes
ES-2014-3736084,Yes
TU-2013-1420,Yes
MX-2014-140557,Yes
IN-2012-77045,Yes
US-2012-134586,Yes
IZ-2012-7440,Yes
MX-2012-134712,Yes
CA-2012-132570,Yes
UP-2012-330,Yes
MO-2014-9540,Yes
CA-2011-133753,Yes
SA-2011-1980,Yes
ES-2014-5249912,Yes
IN-2013-41534,Yes
CA-2011-103989,Yes
CA-2012-132276,Yes
ES-2014-1158805,Yes
ID-2011-17237,Yes
ES-2012-3032254,Yes
ES-2011-1579115,Yes
ES-2013-5424830,Yes
IT-2013-3331737,Yes
MX-2012-140179,Yes
ID-2014-83828,Yes
IN-2012-29046,Yes
MX-2013-162537,Yes
US-2014-157315,Yes
MO-2013-8860,Yes
ID-2014-64039,Yes
ES-2013-4786711,Yes
ES-2014-1879715,Yes
IN-2013-44796,Yes
IN-2014-60840,Yes
ES-2014-3606209,Yes
IN-2012-84157,Yes
IN-2012-48240,Yes
GG-2012-8530,Yes
CA-2011-139892,Yes
ES-2013-2194911,Yes
SF-2013-4650,Yes
IT-2012-5223020,Yes
CA-2014-113278,Yes
BO-2011-470,Yes
CA-2011-108189,Yes
MX-2013-112683,Yes
IR-2014-2670,Yes
CA-2013-140046,Yes
CA-2014-104864,Yes
CA-2011-156160,Yes
MX-2014-114391,Yes
US-2012-157154,Yes
CA-2011-131947,Yes
IN-2013-53140,Yes
IN-2012-26141,Yes
ES-2014-4937476,Yes
SF-2012-5260,Yes
NI-2014-3890,Yes
ES-2014-3091695,Yes
ES-2013-3167494,Yes
US-2011-120957,Yes
ES-2014-2905780,Yes
CA-2012-163965,Yes
US-2013-102379,Yes
MX-2013-140550,Yes
MX-2012-113614,Yes
ID-2013-86915,Yes
MX-2014-127425,Yes
ES-2014-5185744,Yes
CA-2014-133067,Yes
CA-2014-117436,Yes
CA-2014-164959,Yes
ES-2011-2087720,Yes
ES-2013-1162185,Yes
MX-2013-147431,Yes
ID-2014-37516,Yes
CA-2013-157266,Yes
ES-2012-4424003,Yes
IT-2012-5703527,Yes
ES-2011-1705541,Yes
MX-2013-164770,Yes
ES-2013-1172576,Yes
AG-2014-2110,Yes
IT-2012-2539640,Yes
CA-2014-159100,Yes
ES-2014-1703772,Yes
CA-2013-114489,Yes
CA-2014-152583,Yes
ID-2014-48849,Yes
ID-2011-78193,Yes
IT-2012-2498718,Yes
CA-2013-118514,Yes
MX-2013-147172,Yes
US-2014-114573,Yes
CA-2012-122406,Yes
CA-2011-103310,Yes
MZ-2014-2650,Yes
CA-2013-108581,Yes
ES-2012-4133534,Yes
CA-2013-156503,Yes
IN-2013-36837,Yes
MX-2011-115826,Yes
ES-2014-1006059,Yes
MO-2014-4020,Yes
ES-2011-2399281,Yes
CM-2011-4100,Yes
ZI-2014-9540,Yes
CA-2011-154837,Yes
IN-2012-20149,Yes
MX-2014-130715,Yes
ES-2014-4957212,Yes
IN-2014-13079,Yes
IN-2014-18238,Yes
ES-2014-5009576,Yes
CA-2011-149020,Yes
CA-2014-157903,Yes
US-2012-147543,Yes
IT-2014-5268305,Yes
US-2014-136679,Yes
US-2013-108497,Yes
TU-2014-6410,Yes
IN-2014-13751,Yes
ID-2013-71522,Yes
CA-2013-165330,Yes
CA-2014-167101,Yes
IN-2013-67896,Yes
US-2013-117198,Yes
TU-2014-8570,Yes
US-2013-114090,Yes
CA-2013-104276,Yes
ES-2014-2943839,Yes
ES-2014-1085728,Yes
MX-2011-163636,Yes
ES-2011-2367994,Yes
US-2014-139465,Yes
US-2013-160913,Yes
CA-2014-127782,Yes
CA-2014-143798,Yes
ES-2013-2058842,Yes
MX-2013-103485,Yes
MX-2011-118087,Yes
ES-2014-4018632,Yes
US-2014-142790,Yes
IN-2011-13065,Yes
CA-2012-163090,Yes
IN-2013-65166,Yes
SF-2014-4670,Yes
SF-2011-2790,Yes
CA-2014-117457,Yes
TU-2012-2690,Yes
CA-2012-4520,Yes
CA-2014-133256,Yes
CA-2013-145548,Yes
ES-2012-4920028,Yes
IN-2014-79180,Yes
ES-2012-4556851,Yes
IN-2013-27247,Yes
UP-2013-2120,Yes
UP-2013-8780,Yes
CA-2014-122644,Yes
IN-2013-61617,Yes
MX-2013-108252,Yes
ES-2014-3014144,Yes
MX-2013-130204,Yes
CA-2011-166457,Yes
ES-2014-5900887,Yes
IT-2011-5015979,Yes
IT-2013-3230655,Yes
IN-2014-16061,Yes
IN-2014-65243,Yes
US-2014-117044,Yes
MX-2014-112431,Yes
IN-2012-14871,Yes
IN-2014-83919,Yes
IT-2011-5910162,Yes
CA-2013-137337,Yes
ES-2013-5377319,Yes
ES-2012-4730842,Yes
MX-2013-140186,Yes
MX-2012-167248,Yes
MX-2014-135328,Yes
EG-2013-7420,Yes
ES-2014-3785216,Yes
MX-2014-109071,Yes
ID-2014-52902,Yes
ES-2011-2210233,Yes
CA-2013-130820,Yes
IN-2012-54897,Yes
ID-2014-10783,Yes
NI-2013-2520,Yes
IT-2012-2472329,Yes
CA-2014-131016,Yes
CA-2013-163174,Yes
US-2014-155425,Yes
ES-2014-5891109,Yes
CA-2013-124254,Yes
CM-2014-4270,Yes
HR-2014-3840,Yes
MO-2014-340,Yes
ES-2013-5431940,Yes
TS-2013-3210,Yes
ID-2013-63640,Yes
ID-2013-11091,Yes
MX-2011-146248,Yes
MX-2014-115518,Yes
ES-2014-5848816,Yes
MX-2013-168340,Yes
IN-2013-78165,Yes
ES-2011-3953366,Yes
IT-2013-2763542,Yes
NI-2011-7530,Yes
LY-2012-3040,Yes
US-2011-158001,Yes
US-2012-122693,Yes
ES-2013-2633661,Yes
ID-2013-35948,Yes
ES-2013-3793211,Yes
ID-2013-35080,Yes
ES-2012-1929989,Yes
TU-2013-8610,Yes
CA-2013-141019,Yes
ES-2011-3864297,Yes
RS-2013-7090,Yes
CA-2012-136798,Yes
ES-2013-3711061,Yes
ID-2014-86033,Yes
IT-2014-4560369,Yes
AO-2012-3210,Yes
MX-2014-128461,Yes
CA-2012-121188,Yes
ES-2014-4318151,Yes
CA-2012-162621,Yes
IN-2013-40687,Yes
CG-2013-2550,Yes
US-2012-122784,Yes
ID-2011-81588,Yes
IN-2012-43074,Yes
ES-2013-3949378,Yes
IN-2011-82330,Yes
TU-2012-4890,Yes
CA-2014-118017,Yes
CG-2012-6760,Yes
ES-2012-2654005,Yes
ID-2013-79579,Yes
ES-2011-1550182,Yes
CA-2011-110786,Yes
RS-2011-7040,Yes
ES-2013-2830979,Yes
US-2013-150980,Yes
ES-2013-3426036,Yes
US-2013-167528,Yes
MX-2014-122021,Yes
TU-2014-2520,Yes
ID-2012-43921,Yes
MA-2014-6360,Yes
ES-2014-5225520,Yes
CA-2014-121216,Yes
CA-2013-157749,Yes
CA-2011-146969,Yes
US-2013-117583,Yes
ES-2012-4711076,Yes
US-2012-133025,Yes
CA-2013-127138,Yes
SA-2013-8810,Yes
CA-2014-135860,Yes
IN-2013-58929,Yes
ES-2011-4753806,Yes
TU-2013-2790,Yes
NI-2014-1530,Yes
IN-2011-70570,Yes
ES-2014-4329629,Yes
CA-2011-126361,Yes
MX-2014-136539,Yes
IN-2013-45076,Yes
ID-2014-75190,Yes
MX-2014-112039,Yes
IT-2011-4565126,Yes
ID-2013-72243,Yes
IR-2013-2680,Yes
MX-2012-133172,Yes
ES-2014-4790238,Yes
IN-2014-57578,Yes
ES-2013-5135305,Yes
IT-2011-3528798,Yes
ES-2013-3066853,Yes
CA-2011-160262,Yes
US-2014-145436,Yes
IN-2011-42892,Yes
CA-2014-147844,Yes
US-2012-141453,Yes
ID-2013-52370,Yes
IT-2012-1125357,Yes
IT-2013-4307043,Yes
MX-2014-156916,Yes
MX-2012-141544,Yes
MX-2011-166317,Yes
CA-2014-150987,Yes
MX-2014-169607,Yes
MZ-2013-7460,Yes
IN-2013-66202,Yes
ES-2014-4818116,Yes
US-2014-162558,Yes
CA-2012-132507,Yes
ES-2012-2740636,Yes
ES-2013-1026422,Yes
RS-2013-3820,Yes
ES-2012-4844965,Yes
UZ-2014-7050,Yes
CA-2013-4740,Yes
MX-2011-152401,Yes
TU-2011-9560,Yes
BN-2013-9270,Yes
MO-2013-9540,Yes
UP-2012-900,Yes
KZ-2012-1360,Yes
CA-2014-145233,Yes
CA-2012-130253,Yes
TU-2011-530,Yes
CA-2013-131289,Yes
ES-2014-2406018,Yes
TZ-2014-9600,Yes
IN-2014-43396,Yes
MX-2012-166730,Yes
ES-2012-1238144,Yes
CA-2014-106943,Yes
CA-2014-118360,Yes
US-2012-103814,Yes
ES-2012-4848943,Yes
ES-2014-1102132,Yes
ID-2013-59300,Yes
US-2012-100468,Yes
ES-2014-3407020,Yes
CA-2014-106103,Yes
CA-2014-156951,Yes
SF-2013-10000,Yes
CA-2014-132738,Yes
EG-2012-2260,Yes
CA-2011-169019,Yes
IN-2014-22228,Yes
ES-2014-1080192,Yes
ES-2013-1836661,Yes
IN-2014-24531,Yes
IT-2012-5084286,Yes
GV-2014-9540,Yes
MX-2012-132556,Yes
US-2011-122588,Yes
MX-2014-114601,Yes
IN-2012-72600,Yes
ES-2012-1671236,Yes
IN-2012-24209,Yes
MO-2013-7510,Yes
IN-2012-57424,Yes
US-2012-156860,Yes
IR-2012-6980,Yes
MX-2012-122490,Yes
MX-2014-146843,Yes
IN-2011-53231,Yes
IN-2012-22900,Yes
US-2013-148901,Yes
ES-2012-4160852,Yes
IT-2012-5787277,Yes
CA-2014-138975,Yes
MX-2014-148292,Yes
ID-2013-69170,Yes
GG-2013-6980,Yes
CA-2014-146367,Yes
MX-2014-113040,Yes
ID-2011-83982,Yes
US-2013-104017,Yes
ES-2014-3745756,Yes
MX-2013-104241,Yes
ES-2013-1053198,Yes
US-2013-158687,Yes
JO-2013-6740,Yes
LI-2014-9890,Yes
ID-2014-38433,Yes
ES-2014-1504792,Yes
CA-2014-115651,Yes
ES-2012-3761208,Yes
ID-2012-37082,Yes
ES-2013-1989144,Yes
ES-2014-5077395,Yes
SF-2013-430,Yes
IN-2012-45279,Yes
US-2012-127040,Yes
CA-2013-132829,Yes
IN-2014-77920,Yes
MX-2011-135783,Yes
NI-2014-4550,Yes
ID-2014-82309,Yes
ID-2012-12960,Yes
CA-2013-131296,Yes
ES-2011-3684586,Yes
MX-2014-108889,Yes
ES-2014-3229402,Yes
US-2013-160178,Yes
IN-2014-68057,Yes
IN-2014-49017,Yes
MX-2013-131247,Yes
ES-2014-3280029,Yes
ID-2014-36473,Yes
IN-2011-59286,Yes
US-2013-144351,Yes
ES-2014-5060319,Yes
MX-2013-133921,Yes
CA-2013-164350,Yes
IT-2012-5541817,Yes
ES-2013-5687296,Yes
ES-2014-5514154,Yes
ES-2014-2933395,Yes
ID-2014-13940,Yes
ID-2012-43900,Yes
ES-2014-4111468,Yes
IN-2013-17566,Yes
CA-2012-103716,Yes
US-2011-123862,Yes
US-2012-142811,Yes
MX-2013-157245,Yes
ES-2012-1663353,Yes
KE-2013-7370,Yes
CA-2014-127474,Yes
ES-2013-5810502,Yes
IN-2013-73825,Yes
IN-2012-29228,Yes
ES-2014-2710870,Yes
US-2013-166457,Yes
IN-2013-46406,Yes
ES-2013-5488008,Yes
ES-2013-4486106,Yes
CA-2014-160927,Yes
ES-2011-1406120,Yes
US-2011-111997,Yes
MX-2014-148348,Yes
TU-2014-6200,Yes
CG-2013-1870,Yes
CA-2014-123239,Yes
ES-2013-3243058,Yes
ID-2013-49248,Yes
ES-2014-1694278,Yes
EG-2012-9990,Yes
CA-2011-139283,Yes
IT-2013-2720003,Yes
PL-2013-1770,Yes
US-2013-153129,Yes
CA-2014-105487,Yes
TU-2012-950,Yes
ES-2012-2846766,Yes
IR-2011-3940,Yes
ES-2013-1007331,Yes
US-2013-103226,Yes
CA-2014-128755,Yes
MX-2011-120082,Yes
MX-2014-159352,Yes
CA-2011-100916,Yes
US-2014-156356,Yes
CA-2014-115931,Yes
MX-2011-115560,Yes
ES-2013-3542934,Yes
CA-2011-110422,Yes
CA-2012-155761,Yes
ES-2014-3984539,Yes
ES-2014-5075420,Yes
ES-2014-1913133,Yes
MX-2011-135342,Yes
IN-2012-63150,Yes
IT-2014-2597250,Yes
IN-2011-41394,Yes
ES-2013-5482499,Yes
CA-2014-102610,Yes
US-2013-161312,Yes
NI-2013-2300,Yes
ES-2011-1868803,Yes
ID-2013-45650,Yes
CA-2014-167668,Yes
US-2012-158113,Yes
MX-2013-168879,Yes
IN-2012-46560,Yes
IN-2014-39105,Yes
MX-2011-136322,Yes
TU-2013-8060,Yes
US-2014-151316,Yes
MX-2014-143763,Yes
ES-2012-3208808,Yes
CA-2011-138681,Yes
IN-2014-70507,Yes
CA-2013-101161,Yes
ID-2012-86320,Yes
IN-2012-70829,Yes
RS-2014-8080,Yes
ID-2012-40106,Yes
CA-2013-156811,Yes
CA-2011-157623,Yes
CA-2012-145415,Yes
RS-2014-8000,Yes
IN-2011-81840,Yes
IT-2011-3270900,Yes
IN-2012-58432,Yes
MO-2013-570,Yes
CA-2014-144491,Yes
MX-2013-115805,Yes
CA-2013-119865,Yes
MX-2013-159366,Yes
IT-2012-1191900,Yes
IR-2014-3320,Yes
CA-2014-108560,Yes
CA-2011-162775,Yes
IT-2014-5786366,Yes
ES-2011-2720769,Yes
ID-2014-28003,Yes
ID-2012-78515,Yes
IN-2011-21066,Yes
MX-2013-121062,Yes
ID-2014-67819,Yes
CA-2013-100671,Yes
IN-2013-17699,Yes
IN-2011-59986,Yes
MX-2013-165071,Yes
BU-2014-9200,Yes
MX-2012-116834,Yes
CA-2013-131065,Yes
ID-2011-58670,Yes
ES-2011-3369614,Yes
CA-2014-114636,Yes
CA-2014-100223,Yes
CA-2014-125290,Yes
NI-2014-9710,Yes
IN-2014-71298,Yes
MX-2014-164812,Yes
IN-2012-28024,Yes
US-2014-103317,Yes
US-2014-140424,Yes
SA-2012-4440,Yes
CA-2013-110086,Yes
CA-2011-138450,Yes
MX-2014-141229,Yes
TU-2014-8390,Yes
CA-2014-122154,Yes
MX-2014-124968,Yes
MO-2011-4910,Yes
MO-2012-100,Yes
MO-2014-6060,Yes
IN-2014-75204,Yes
CA-2014-105235,Yes
CA-2013-129126,Yes
US-2013-110170,Yes
ES-2012-2836963,Yes
IN-2013-74350,Yes
US-2011-138828,Yes
NI-2013-4150,Yes
NI-2012-1210,Yes
CA-2011-108273,Yes
CA-2013-168893,Yes
MX-2011-129259,Yes
ES-2011-4691256,Yes
RS-2013-9560,Yes
CA-2013-155446,Yes
NI-2013-4780,Yes
ES-2014-1572368,Yes
IN-2014-65719,Yes
IN-2013-38685,Yes
ES-2011-1196075,Yes
CA-2014-157987,Yes
SG-2014-2090,Yes
MX-2014-159667,Yes
AG-2014-3510,Yes
CA-2013-146934,Yes
US-2014-141943,Yes
MX-2012-104066,Yes
MW-2014-1790,Yes
MX-2012-147305,Yes
CA-2011-103492,Yes
CA-2013-108735,Yes
IN-2013-49633,Yes
ES-2012-2130247,Yes
CA-2012-154970,Yes
ES-2013-2229883,Yes
IZ-2014-8090,Yes
IN-2013-49192,Yes
US-2014-107944,Yes
CA-2014-128300,Yes
EG-2014-9660,Yes
MX-2014-102995,Yes
CA-2012-144288,Yes
AG-2014-4840,Yes
US-2014-112970,Yes
IN-2014-32406,Yes
CA-2012-161445,Yes
MX-2011-168312,Yes
IN-2014-60630,Yes
UP-2014-1400,Yes
MX-2014-131366,Yes
CA-2011-122931,Yes
MX-2014-122567,Yes
CA-2013-119823,Yes
SF-2014-4900,Yes
IT-2014-5992832,Yes
ES-2013-1068972,Yes
ES-2012-5365524,Yes
CA-2014-164042,Yes
IN-2012-23628,Yes
SG-2013-5580,Yes
IN-2013-36697,Yes
ID-2014-68183,Yes
GH-2012-2810,Yes
IN-2013-53609,Yes
EG-2013-2110,Yes
IN-2013-69128,Yes
IN-2012-47344,Yes
ID-2014-30180,Yes
IN-2011-77913,Yes
IR-2014-9810,Yes
US-2013-150147,Yes
CA-2014-150910,Yes
ES-2012-2314672,Yes
ZI-2012-6350,Yes
SF-2014-320,Yes
CA-2013-130946,Yes
CA-2014-125381,Yes
US-2011-162425,Yes
CA-2012-117772,Yes
CA-2012-8000,Yes
IT-2013-5448440,Yes
US-2014-118164,Yes
CA-2011-109918,Yes
US-2013-112823,Yes
CA-2014-150602,Yes
NI-2011-4040,Yes
CA-2014-111577,Yes
US-2011-152821,Yes
IN-2014-16082,Yes
TU-2013-2480,Yes
ID-2011-61876,Yes
CA-2011-103940,Yes
CA-2013-133935,Yes
IT-2014-5204858,Yes
IN-2014-80958,Yes
CA-2014-140515,Yes
IN-2012-26169,Yes
IN-2013-18021,Yes
MX-2014-155649,Yes
IN-2011-14983,Yes
US-2013-165939,Yes
ID-2014-22270,Yes
ID-2011-22172,Yes
CA-2013-169026,Yes
US-2012-113131,Yes
CA-2012-2740,Yes
CA-2014-118577,Yes
ID-2013-80622,Yes
ES-2011-1537002,Yes
CA-2013-115574,Yes
IN-2013-53455,Yes
ID-2014-81364,Yes
ES-2014-2518452,Yes
IN-2011-61778,Yes
CA-2013-168956,Yes
MX-2011-155299,Yes
ES-2013-4349332,Yes
TU-2011-9940,Yes
EZ-2011-7050,Yes
ES-2014-2484644,Yes
SF-2014-1460,Yes
ES-2012-1678413,Yes
CA-2013-120803,Yes
IN-2013-20933,Yes
PL-2014-1380,Yes
CA-2014-106859,Yes
KE-2011-8720,Yes
ES-2012-1691714,Yes
ES-2013-1608190,Yes
IT-2013-3788004,Yes
US-2011-151015,Yes
IT-2011-2289083,Yes
US-2014-141677,Yes
IN-2014-67238,Yes
MX-2014-151435,Yes
MX-2013-142531,Yes
IZ-2013-9470,Yes
EG-2014-9060,Yes
KZ-2011-4170,Yes
CA-2014-169264,Yes
IN-2013-63633,Yes
RO-2012-5920,Yes
IN-2013-38902,Yes
ID-2011-54834,Yes
ES-2012-4435180,Yes
IN-2012-37054,Yes
MX-2013-133256,Yes
NI-2011-6010,Yes
IN-2014-41345,Yes
IN-2011-60560,Yes
ES-2014-4841141,Yes
EG-2012-1730,Yes
NI-2012-5780,Yes
ID-2013-66405,Yes
NI-2012-1820,Yes
MX-2014-127537,Yes
MX-2011-132584,Yes
CA-2011-138177,Yes
CA-2013-134334,Yes
MX-2012-163720,Yes
TO-2014-1980,Yes
CA-2011-163552,Yes
IN-2012-75134,Yes
MX-2013-153920,Yes
MX-2012-114300,Yes
IN-2012-78067,Yes
ES-2011-5032747,Yes
ID-2014-85228,Yes
CA-2014-113705,Yes
US-2012-159499,Yes
ES-2013-4736780,Yes
IN-2014-74588,Yes
MX-2014-129294,Yes
MX-2011-128825,Yes
ES-2012-5016521,Yes
IN-2014-29669,Yes
MX-2013-147333,Yes
IN-2014-21731,Yes
ID-2014-48828,Yes
US-2014-134642,Yes
ES-2013-4750548,Yes
IS-2012-2990,Yes
ID-2012-75925,Yes
CA-2013-7580,Yes
IN-2011-25224,Yes
IT-2014-4157324,Yes
SF-2013-9460,Yes
IN-2013-52230,Yes
CA-2012-110093,Yes
ES-2012-2932271,Yes
ES-2014-2624465,Yes
ID-2014-48191,Yes
ID-2013-74875,Yes
US-2012-160528,Yes
ES-2013-3359334,Yes
IR-2014-4150,Yes
CA-2012-103072,Yes
ES-2012-2994105,Yes
SF-2013-5940,Yes
MX-2011-154998,Yes
IN-2011-75939,Yes
CA-2014-169124,Yes
ID-2013-10818,Yes
MX-2014-136623,Yes
IN-2014-31370,Yes
TU-2013-5470,Yes
IN-2011-73629,Yes
TO-2014-9950,Yes
CA-2012-134992,Yes
ES-2011-1466305,Yes
MA-2011-3960,Yes
CA-2011-115133,Yes
ES-2013-3467296,Yes
ES-2014-4878149,Yes
US-2012-116981,Yes
SO-2012-7640,Yes
ID-2014-54071,Yes
IN-2012-18588,Yes
IN-2014-23880,Yes
CA-2014-100426,Yes
US-2012-110716,Yes
CA-2011-153969,Yes
US-2013-131149,Yes
TX-2013-5060,Yes
ID-2012-50543,Yes
IS-2011-7780,Yes
CA-2012-112305,Yes
CM-2012-6780,Yes
SF-2014-2290,Yes
ID-2012-79922,Yes
MX-2014-140438,Yes
US-2012-102519,Yes
PL-2013-9290,Yes
ES-2014-4682575,Yes
MX-2013-168123,Yes
US-2012-106061,Yes
TU-2013-7280,Yes
CA-2014-121741,Yes
MX-2014-132626,Yes
MX-2012-114083,Yes
CA-2013-138520,Yes
CA-2013-163636,Yes
CA-2013-103919,Yes
IT-2012-4967576,Yes
CA-2011-123400,Yes
CA-2012-165624,Yes
JO-2014-6800,Yes
UP-2014-8060,Yes
IV-2014-8670,Yes
CA-2014-152786,Yes
IN-2012-16194,Yes
SU-2013-1210,Yes
US-2014-120089,Yes
MX-2014-128398,Yes
ID-2014-45083,Yes
UZ-2014-9680,Yes
TU-2013-5440,Yes
CA-2014-112844,Yes
MX-2014-148488,Yes
ES-2013-1668643,Yes
IN-2014-77640,Yes
IT-2014-5470294,Yes
MX-2012-135433,Yes
MA-2012-5650,Yes
BU-2014-290,Yes
MX-2011-117709,Yes
CG-2011-6160,Yes
MX-2014-143924,Yes
MX-2013-129910,Yes
IN-2012-26099,Yes
IR-2013-8370,Yes
ES-2013-4686025,Yes
CA-2013-143924,Yes
US-2014-144582,Yes
ID-2012-46210,Yes
ES-2014-1626952,Yes
AG-2011-1390,Yes
CA-2013-128972,Yes
SF-2011-7460,Yes
IN-2014-33869,Yes
ID-2013-19540,Yes
CA-2014-131492,Yes
ES-2014-2623115,Yes
ES-2014-4799283,Yes
CA-2013-160745,Yes
CG-2012-3820,Yes
CG-2011-9150,Yes
MX-2014-103905,Yes
EG-2014-3540,Yes
ES-2013-2335105,Yes
MX-2012-124401,Yes
CA-2013-129238,Yes
CA-2014-123491,Yes
RS-2011-3350,Yes
CM-2014-3350,Yes
MX-2013-161319,Yes
ES-2014-1271577,Yes
MX-2014-107930,Yes
MX-2011-105494,Yes
ID-2013-77983,Yes
MX-2014-154935,Yes
IN-2011-43599,Yes
IN-2012-57844,Yes
CA-2014-156776,Yes
IN-2013-52216,Yes
CA-2014-117128,Yes
MX-2013-148964,Yes
IT-2011-1780558,Yes
IN-2013-35388,Yes
ES-2013-3033501,Yes
US-2012-137526,Yes
ES-2013-2318967,Yes
SL-2014-420,Yes
IT-2014-3784057,Yes
MX-2012-137267,Yes
US-2013-157308,Yes
CA-2014-111738,Yes
ES-2012-4485887,Yes
MX-2011-157903,Yes
ES-2014-3655961,Yes
IN-2014-70262,Yes
US-2012-159639,Yes
IN-2011-26946,Yes
ID-2014-84745,Yes
CA-2014-132122,Yes
ES-2014-4098716,Yes
MX-2014-167493,Yes
ES-2011-5693005,Yes
NI-2014-1910,Yes
MX-2012-131758,Yes
NI-2014-3370,Yes
MO-2014-3430,Yes
MX-2011-143280,Yes
ES-2013-2061669,Yes
ES-2013-1212086,Yes
ES-2014-1756848,Yes
ID-2012-70213,Yes
IN-2013-37852,Yes
CA-2013-116232,Yes
PL-2014-3940,Yes
CA-2014-127096,Yes
NI-2011-8350,Yes
IN-2012-60371,Yes
IN-2014-63374,Yes
MX-2012-105417,Yes
CA-2013-150350,Yes
MX-2012-126851,Yes
ID-2011-23215,Yes
ES-2011-1698059,Yes
US-2014-110149,Yes
PL-2013-2260,Yes
MO-2012-5730,Yes
IT-2014-5393609,Yes
IT-2011-2051710,Yes
CA-2014-160962,Yes
MX-2014-151771,Yes
ES-2013-4301750,Yes
MX-2011-129420,Yes
ES-2013-4937270,Yes
ES-2014-1670293,Yes
IN-2013-77010,Yes
CA-2014-169005,Yes
CA-2011-141726,Yes
ES-2012-2700213,Yes
MX-2012-142174,Yes
NG-2014-5720,Yes
ES-2011-1846006,Yes
ES-2012-3303731,Yes
ES-2013-4700994,Yes
CA-2013-139409,Yes
US-2012-103996,Yes
MX-2013-159583,Yes
MX-2013-132654,Yes
IN-2013-82771,Yes
ES-2013-3059419,Yes
RS-2012-7530,Yes
IN-2013-38125,Yes
ES-2012-4002217,Yes
IN-2012-38657,Yes
MX-2014-142566,Yes
CA-2014-134404,Yes
ES-2014-2978156,Yes
IN-2014-81973,Yes
IT-2012-3839768,Yes
ES-2014-1648769,Yes
CA-2012-100454,Yes
MX-2014-125164,Yes
MO-2014-7630,Yes
MX-2012-155082,Yes
IN-2012-40820,Yes
ES-2014-5345830,Yes
ES-2011-1088527,Yes
ES-2014-5302686,Yes
CA-2014-156664,Yes
EG-2014-330,Yes
AG-2012-4060,Yes
IN-2011-76625,Yes
CA-2011-145317,Yes
MX-2011-101861,Yes
ES-2014-1016124,Yes
MX-2012-121601,Yes
SF-2012-9560,Yes
IN-2011-86460,Yes
CA-2014-138289,Yes
CA-2011-128146,Yes
MX-2011-163342,Yes
ID-2013-57004,Yes
MX-2013-163853,Yes
US-2012-169481,Yes
ES-2012-1705014,Yes
ES-2014-1749985,Yes
RO-2013-4270,Yes
CG-2012-8310,Yes
IN-2014-19239,Yes
CA-2012-119291,Yes
ES-2012-3947984,Yes
IN-2012-17398,Yes
US-2011-121657,Yes
ID-2014-77927,Yes
MX-2013-137456,Yes
IN-2014-23467,Yes
IT-2013-3328104,Yes
MX-2011-163048,Yes
MX-2013-145716,Yes
IN-2013-15865,Yes
CA-2011-120768,Yes
IZ-2013-740,Yes
MX-2013-135062,Yes
ID-2011-78592,Yes
ID-2014-50970,Yes
CA-2014-155558,Yes
ID-2013-16306,Yes
AL-2011-4500,Yes
MX-2011-144463,Yes
MX-2011-129553,Yes
CA-2014-100601,Yes
CA-2011-148950,Yes
ES-2011-4920475,Yes
CA-2011-107454,Yes
ID-2011-84941,Yes
CA-2013-108868,Yes
US-2013-112655,Yes
CA-2013-163972,Yes
MX-2013-133270,Yes
CA-2012-108259,Yes
ES-2011-2371090,Yes
ID-2014-26960,Yes
IT-2011-5340302,Yes
CA-2014-155936,Yes
MX-2011-155257,Yes
ES-2012-4656026,Yes
ES-2013-4599518,Yes
CA-2012-146675,Yes
MX-2014-162831,Yes
CA-2014-125451,Yes
MX-2013-166863,Yes
CA-2013-110772,Yes
ES-2014-2172414,Yes
IN-2011-11504,Yes
US-2011-147627,Yes
ES-2014-5990473,Yes
CA-2012-158701,Yes
ID-2012-41002,Yes
IN-2014-44397,Yes
IN-2012-13359,Yes
TU-2012-8560,Yes
ES-2013-3501129,Yes
NI-2013-1790,Yes
ES-2012-5659427,Yes
ID-2014-10048,Yes
CA-2013-116379,Yes
ID-2013-19834,Yes
ES-2012-1215155,Yes
BO-2014-1160,Yes
IN-2011-16033,Yes
CA-2011-145387,Yes
ES-2014-1992981,Yes
MX-2011-163083,Yes
MX-2014-159464,Yes
IN-2011-14101,Yes
IN-2012-44194,Yes
ID-2012-77318,Yes
EZ-2013-400,Yes
IN-2012-34324,Yes
MG-2012-4560,Yes
IZ-2011-4680,Yes
ES-2014-3954413,Yes
IT-2013-5270137,Yes
IN-2013-10489,Yes
US-2013-128720,Yes
MX-2014-130666,Yes
MX-2014-129098,Yes
ID-2011-13436,Yes
KZ-2011-5490,Yes
ES-2013-3093926,Yes
ES-2014-5705147,Yes
IN-2012-13429,Yes
ES-2014-5247585,Yes
KE-2013-4620,Yes
BU-2013-4020,Yes
ES-2014-5749799,Yes
ES-2011-2625537,Yes
MX-2014-135811,Yes
IN-2014-43039,Yes
IN-2012-53490,Yes
ID-2013-83758,Yes
CA-2013-102092,Yes
ES-2011-3857347,Yes
CA-2014-147354,Yes
SG-2014-9750,Yes
CA-2013-138478,Yes
CA-2012-111395,Yes
ES-2012-5870268,Yes
ES-2014-1620754,Yes
SU-2011-3310,Yes
IN-2013-34702,Yes
ID-2011-40953,Yes
IV-2014-5230,Yes
US-2013-127334,Yes
SF-2013-8640,Yes
RS-2011-1890,Yes
ES-2014-2896926,Yes
ES-2013-3042034,Yes
IN-2012-74364,Yes
ML-2014-4160,Yes
ES-2011-5276461,Yes
SF-2013-4620,Yes
MO-2012-5570,Yes
MX-2012-168249,Yes
MX-2014-154704,Yes
MX-2013-131142,Yes
US-2012-153241,Yes
MX-2014-112522,Yes
ID-2012-75309,Yes
MO-2014-6460,Yes
MX-2011-132829,Yes
ES-2014-1248018,Yes
CA-2014-154039,Yes
MX-2012-138583,Yes
ES-2014-2375662,Yes
IN-2014-11427,Yes
CA-2014-126956,Yes
ID-2014-51642,Yes
IR-2013-4110,Yes
US-2012-103254,Yes
CG-2011-4480,Yes
ES-2013-2005146,Yes
ES-2012-2890249,Yes
ES-2013-1213583,Yes
CA-2014-164329,Yes
TZ-2013-7040,Yes
KE-2011-860,Yes
ES-2013-2356402,Yes
MX-2011-103506,Yes
US-2011-151925,Yes
ES-2014-4067367,Yes
MX-2014-153549,Yes
MX-2013-127411,Yes
CA-2011-111500,Yes
IT-2012-5446380,Yes
IT-2011-5989878,Yes
IN-2013-75988,Yes
MX-2011-153710,Yes
CA-2014-127306,Yes
ES-2014-5329048,Yes
MX-2014-143742,Yes
ES-2012-5993404,Yes
CA-2014-143567,Yes
MX-2013-104178,Yes
MX-2014-114195,Yes
SF-2014-2310,Yes
ES-2014-5904288,Yes
CA-2012-169796,Yes
ES-2014-4592758,Yes
IN-2013-80594,Yes
CA-2012-144190,Yes
CA-2012-162047,Yes
ID-2013-76849,Yes
MX-2012-121678,Yes
US-2014-102827,Yes
CA-2013-123414,Yes
US-2014-118087,Yes
US-2012-124219,Yes
US-2012-126977,Yes
ES-2012-2339134,Yes
IN-2013-25245,Yes
MX-2013-115630,Yes
IN-2013-28325,Yes
ES-2014-3540255,Yes
IT-2013-2413489,Yes
ES-2011-3108517,Yes
UP-2014-8120,Yes
MX-2012-147102,Yes
ES-2013-3420934,Yes
CA-2013-162355,Yes
IN-2012-28857,Yes
MX-2014-108602,Yes
ES-2012-3079444,Yes
